Num.Lines,W/O Test,W Test
1,0.09726040001260117,0.09726040001260117
