Num.Lines,W/O Test,W Test
4000,0.16131849997327663,0.16131849997327663
