Num.Lines,W/O Test,W Test
100,0.022599599999999942,0.022599599999999942
