Num.Lines,W/O Test,W Test
1,0.05454610000000004,0.05454610000000004
