Num.Lines,W/O Test,W Test
1,0.025841500000000003,0.025841500000000003
