Num.Lines,W/O Test,W Test
6000,0.2211539999989327,0.2211539999989327
