Num.Lines,W/O Test,W Test
10,0.049672200000000055,0.049672200000000055
