Num.Lines,W/O Test,W Test
10000,0.2888813999888953,0.2888813999888953
