Num.Lines,W/O Test,W Test
10,0.03067919999999999,0.03067919999999999
