Num.Lines,W/O Test,W Test
1000,0.0698897,0.0698897
