Num.Lines,W/O Test,W Test
1,0.025841500000000003,0.025841500000000003
10,0.03067919999999999,0.03067919999999999
100,0.04143809999999999,0.04143809999999999
1000,0.0698897,0.0698897
10000,0.14521370000000003,0.14521370000000003
