Num.Lines,W/O Test,W Test
1,0.05010070000000011,0.05558839999999998
10,0.049672200000000055,0.06041759999999985
100,0.022599599999999942,0.026972200000000113
1000,0.0540349,0.04722380000000004
10000,0.26086160000000014,0.14807870000000012


