Num.Lines,W/O Test,W Test
100,0.07924620000994764,0.07924620000994764
