Num.Lines,W/O Test,W Test
2000,0.11802740002167411,0.11802740002167411
