Num.Lines,W/O Test,W Test
7000,0.27881339998566546,0.27881339998566546
