Num.Lines,W/O Test,W Test
3000,0.14321229999768548,0.14321229999768548
