Num.Lines,W/O Test,W Test
9000,0.2706792000099085,0.2706792000099085
