Num.Lines,W/O Test,W Test
1000,0.10299699997995049,0.10299699997995049
