Num.Lines,W/O Test,W Test
100,0.037277599999999994,0.037277599999999994
