Num.Lines,W/O Test,W Test
5000,0.20506539999041706,0.20506539999041706
