Num.Lines,W/O Test,W Test
100,0.04143809999999999,0.04143809999999999
