Num.Lines,W/O Test,W Test
10000,0.14521370000000003,0.14521370000000003
