Num.Lines,W/O Test,W Test
10,0.1087859999970533,0.1087859999970533
