Num.Lines,W/O Test,W Test
10000,0.1467019999999999,0.1467019999999999
