Num.Lines,W/O Test,W Test
8000,0.2621958999952767,0.2621958999952767
