Num.Lines,W/O Test,W Test
1000,0.0540349,0.0540349
